timestamp,domain,subdomain,missing_piece,idea_text,tags
2025-09-09T04:04:08.604Z,HR,Recruitment,Mobile-first,"Current fragmented mobile recruitment leaves candidates ghosted and hiring managers disorganized. A mobile-first platform streamlines candidate communication & feedback loops with automated nudges. Targets small to medium-sized businesses struggling with candidate experience and efficient hiring. Provides instant, mobile-based feedback requests and automated reminders, improving speed & engagement.",(HR) (Recruitment)
2025-09-09T04:04:08.607Z,HR,Recruitment,Mobile-first,"Hiring managers struggle with candidate availability & responsiveness, slowing time-to-hire. We offer a mobile-first platform for asynchronous video interviews & real-time availability scheduling. Small to medium businesses (SMBs) facing rapid growth & competition for talent. Instant feedback loops, automated reminders, and AI-powered scheduling optimize the mobile experience.",(HR) (Recruitment)
2025-09-09T04:33:10.141Z,HR,Recruitment,Mobile-first,"High hourly employee turnover plagues industries lacking real-time skill matching. A mobile app instantly connects shift-based roles with pre-verified skills and availability. Restaurants, retail, and hospitality facing chronic staffing shortages and high onboarding costs. Geolocation-based skill pools and immediate availability toggles, prioritizing speed and reliability.",(HR) (Recruitment)
2025-09-09T04:33:10.151Z,HR,Recruitment,Mobile-first,"Blue-collar job sites lack accessible mobile tools for shift bidding/management. Offer a mobile-first platform for transparent shift auctions and real-time availability updates. Focus on staffing agencies and businesses employing hourly/shift-based workers. Integrates GPS-based proximity notifications for last-minute fill-ins and optimized commute mapping.",(HR) (Recruitment)
2025-09-09T04:40:05.927Z,HR,Recruitment,Mobile-first,"Hourly work suffers from slow, outdated onboarding hindering quick placement. Mobile-first digital onboarding platform accelerates hourly worker verification and training. Hospitality, retail, and gig economy companies needing fast, compliant worker placement. Offers instant ID verification via mobile, micro-learning, and direct deposit setup.",(HR) (Recruitment)
2025-09-09T05:01:17.012Z,E-commerce,Analytics,Cost-effective,"E-commerce brands face crippling data warehousing and analyst costs when trying to unify siloed customer data, so we offer a serverless, AI-powered analytics platform that uses federated learning to generate real-time predictive insights directly from source systems, targeting the $50B mid-market DTC sector with a usage-based pricing model differentiated by its ""zero-ETL"" architecture that eliminates data transit costs and privacy risks. (E-commerce) (Analytics)",(E-commerce) (Analytics)
2025-09-09T05:01:17.847Z,E-commerce,Analytics,Cost-effective,"Independent e-commerce brands struggle with the prohibitive cost and data latency of enterprise analytics, so we offer a serverless, edge-computing-based analytics platform that processes user behavior in real-time on-device for a fraction of the cost, targeting the 1.5 million D2C stores on platforms like Shopify, and is differentiated by its federated AI models that provide predictive insights without centralizing sensitive PII data. (E-commerce) (Analytics)",(E-commerce) (Analytics)
2025-09-09T05:01:19.896Z,AI,AI Content Creation,Neural-network,"Generic AI content generators produce brand-incoherent assets, so our platform uses a proprietary 'Digital Soul' neural network to synthesize a company's unique brand essence into a multimodal generative model, targeting the $100B+ enterprise marketing and creative agency market by offering a composable, API-first 'Brand-as-a-Model' service that ensures every piece of generated text, image, and video is verifiably on-brand and stylistically unique. (AI) (AI Content Creation)",(AI) (AI Content Creation)
2025-09-09T05:01:48.105Z,E-commerce,Analytics,Cost-effective,"Independent e-commerce brands struggle with the prohibitive cost and complexity of real-time predictive analytics, so our serverless, edge-computing platform provides autonomous cohort analysis and CLV forecasting by processing user event streams directly on-device for the rapidly growing $1M-$50M DTC market, differentiating through a zero-ETL architecture that slashes data warehousing costs by 90% and ensures privacy compliance via federated learning. (E-commerce) (Analytics)",(E-commerce) (Analytics)
2025-09-09T05:01:51.029Z,E-commerce,Analytics,Cost-effective,"Independent e-commerce brands struggle with the prohibitive cost and complexity of real-time predictive analytics, so we offer a serverless, zero-ETL platform that uses federated learning on edge nodes to deliver automated cohort analysis and customer lifetime value forecasting for the $500B global DTC market, differentiated by its ability to eliminate data warehousing costs entirely through a novel real-time event-streaming architecture. (E-commerce) (Analytics)",(E-commerce) (Analytics)
2025-09-09T05:02:18.677Z,E-commerce,Analytics,Cost-effective,"Independent e-commerce brands lose millions to customer churn because they lack the expensive data science teams needed to interpret complex behavioral analytics, so our serverless, federated learning platform provides real-time, AI-generated churn-prevention playbooks directly to their marketing tools, targeting the $500B global DTC market by using on-device ML to ensure data privacy and deliver predictive insights at a fraction of the cost of enterprise data warehouses. (E-commerce) (Analytics)",(E-commerce) (Analytics)
2025-09-09T05:02:18.771Z,E-commerce,Analytics,Cost-effective,"Independent e-commerce brands struggle with the prohibitive cost and complexity of real-time predictive analytics, so we offer a serverless, federated learning platform that synthesizes live user behavior and supply chain data directly on edge devices to forecast inventory demand and personalize user experiences for the $1.5 trillion global D2C market, differentiating through a zero-ETL architecture that eliminates data warehousing costs and maintains user privacy. (E-commerce) (Analytics)",(E-commerce) (Analytics)
2025-09-09T05:02:49.230Z,E-commerce,Analytics,Cost-effective,"Independent e-commerce brands struggle with crippling inventory holding costs and lost sales due to inaccurate, batch-processed forecasting, so our serverless, federated learning platform provides real-time, SKU-level demand prediction by securely training AI models on anonymized, aggregated data across thousands of non-competing stores, targeting the $1.2 trillion SMB e-commerce market with a unique privacy-preserving, edge-computing architecture that delivers enterprise-grade accuracy at a fraction of the cost. (E-commerce) (Analytics)",(E-commerce) (Analytics)
2025-09-09T05:02:49.236Z,E-commerce,Analytics,Cost-effective,"Independent e-commerce brands suffer from revenue leakage due to the prohibitive cost and complexity of real-time analytics, so we offer a serverless, real-time event-streaming platform that uses federated learning on edge-computed user behavior to provide predictive insights for a $100B market of Shopify and headless commerce stores, differentiating through a zero-ETL architecture that offers enterprise-grade power at a 90% cost reduction. (E-commerce) (Analytics)",(E-commerce) (Analytics)
2025-09-09T05:03:20.533Z,Analytics,Marketing Analytics,Secure,"Marketers risk massive data breaches and regulatory fines by exposing sensitive customer PII across multiple ad platforms for attribution modeling, a problem solved by our zero-trust marketing analytics platform that uses fully homomorphic encryption to perform cross-channel attribution on encrypted data for the $15B enterprise B2C market in regulated industries like finance and healthcare, differentiating with a patented FHE-based AI engine that guarantees GDPR/CCPA compliance without ever decrypting user-level data. (Analytics) (Marketing Analytics)",(Analytics) (Marketing Analytics)
2025-09-09T05:03:21.756Z,E-commerce,Smart Inventory Management,Freemium,"E-commerce brands face catastrophic inventory value decay from the bullwhip effect across fragmented sales channels, a problem solved by our API-first freemium platform that provides AI-driven, real-time inventory orchestration for the $50B multi-channel DTC market, differentiated by its use of a federated learning model to predict and autonomously rebalance stock across marketplaces without pooling sensitive sales data. (E-commerce) (Smart Inventory Management)",(E-commerce) (Smart Inventory Management)
2025-09-09T05:03:22.064Z,CRM,Contact Management,Mobile-first,"Enterprise sales teams lose deals due to static, outdated contact information in their CRMs, so we created a mobile-first, ""living"" contact management platform for the $50B+ global CRM market that uses an AI-powered, federated learning network across user devices to autonomously discover, verify, and update contact details in real-time, differentiating through a privacy-preserving, edge computing architecture that enriches profiles without centralizing raw personal data. (CRM) (Contact Management)",(CRM) (Contact Management)
2025-09-09T05:03:33.605Z,Health,Healthcare Diagnostics,Secure,"Fragmented and insecure diagnostic data silos prevent the development of life-saving predictive models, so we offer a decentralized federated learning platform that trains AI on encrypted, multi-modal data at the source, targeting the $50B diagnostic AI market of hospital networks and pharma R&D, and is differentiated by its zero-trust architecture using homomorphic encryption and a quantum-resistant blockchain for an immutable, auditable training ledger. (Health) (Healthcare Diagnostics)",(Health) (Healthcare Diagnostics)
2025-09-09T05:03:47.618Z,Learning,AI Course Creation,High-performance,"Corporate L&D teams face prohibitive latency and data privacy risks in creating AI training that reflects live operational performance, so we offer a decentralized course generation platform using federated learning and generative adversarial networks (GANs) to synthesize hyper-realistic, adaptive simulations directly on enterprise edge devices for the $30B corporate e-learning market, differentiated by our zero-data-transfer architecture that provides sub-second content updates while ensuring absolute data sovereignty. (Learning) (AI Course Creation)",(Learning) (AI Course Creation)
2025-09-09T05:04:16.898Z,ERP,Inventory Management,IoT-enabled,"High-value, cold-chain logistics and pharmaceuticals lose billions annually to spoilage and theft due to periodic, inaccurate inventory tracking, so we're building a composable, API-first platform that ingests real-time IoT sensor data to create a ""digital twin"" for every item, targeting the $350B global cold-chain market, and differentiating through an edge-computing AI that predicts spoilage, autonomously re-routes shipments, and records an immutable chain-of-custody on a distributed ledger. (ERP) (Inventory Management)",(ERP) (Inventory Management)
2025-09-09T05:04:19.147Z,Technology,Machine Learning,Quantum-ready,"The intractable complexity of training generative adversarial networks (GANs) for high-fidelity molecular simulation stalls pharmaceutical R&D, so our quantum-ready SaaS platform provides a hybrid quantum-classical ML training environment using variational quantum circuits to efficiently explore high-dimensional probability distributions, targeting the $50B+ biopharma AI market and differentiating through a hardware-agnostic API that future-proofs model development by seamlessly offloading classically-impossible sampling tasks to emerging quantum processors. (Technology) (Machine Learning)",(Technology) (Machine Learning)
2025-09-09T05:04:54.832Z,AI,AI Contract Analysis,AI-powered,"The inability of static AI contract analysis to model cascading, multi-party liabilities in real-time negotiation leads to unforeseen enterprise risk, which is solved by a generative AI platform that creates a dynamic ""digital twin"" of an entire contract portfolio for the $30B corporate legal tech market, differentiated by its use of graph neural networks to simulate the financial and operational impact of clause changes before they are executed. (AI) (AI Contract Analysis)",(AI) (AI Contract Analysis)
2025-09-09T05:04:55.352Z,Technology,Machine Learning,Predictive,"The catastrophic failure of complex microservices applications stems from unpredictable cascading failures, so we offer a real-time observability platform that uses a temporal graph neural network to predict system-wide outages from subtle performance anomalies for the $50B cloud-native enterprise market, differentiating with a self-healing AIOps engine that automatically quarantines at-risk services before they impact users. (Technology) (Machine Learning)",(Technology) (Machine Learning)
2025-09-09T05:06:12.789Z,Services,Subscription Cancellation,Zero-trust,"Enterprises lose millions to ""zombie"" SaaS subscriptions and face critical data exfiltration risks from improper employee offboarding, so our autonomous zero-trust platform uses AI-powered expense analysis and identity provider (IdP) integration to automatically discover and deprovision all user subscriptions upon termination, targeting the $100B+ enterprise SaaS management market by providing an immutable, blockchain-based audit trail of every cancellation and data purge action for unparalleled compliance and security. (Services) (Subscription Cancellation)",(Services) (Subscription Cancellation)
2025-09-09T05:06:14.754Z,CRM,Lead Management,High-performance,"Enterprise B2B sales teams suffer from catastrophic lead decay and opportunity loss due to slow, batch-processed scoring, so we offer a real-time temporal graph AI platform that processes trillions of cross-channel behavioral events to predict and preemptively act on lead intent for the $50B+ global enterprise software and financial services market, differentiating through a proprietary quantum-inspired optimization algorithm for routing and a sub-50ms intent-inference latency. (CRM) (Lead Management)",(CRM) (Lead Management)
2025-09-09T05:06:46.116Z,FinTech,Automated Investment,Gamified,"Retail investors are disengaged by opaque, passive robo-advisors that obscure the real-world impact of their capital, so we offer a gamified automated investment platform that transforms ESG and alternative asset investing into a collaborative ""world-building"" simulation where users collectively fund tokenized, real-world projects, targeting the $15T millennial and Gen Z investor market by using a proprietary AI oracle on a permissioned blockchain to provide real-time, auditable impact analytics and dynamic NFT-based ""achievement"" rewards for hitting collective financial and sustainability goals. (FinTech) (Automated Investment)",(FinTech) (Automated Investment)
2025-09-09T05:06:49.915Z,AI,AI Image Analysis,Multi-platform,"Industrial supply chains suffer from fragmented visual inspection data across disparate IoT, robotic, and mobile devices, which our federated edge AI platform solves by creating a unified, real-time ""digital twin"" of physical assets for the $50B global manufacturing and logistics market, differentiated by our novel use of blockchain to immutably timestamp and verify visual data integrity for automated, cross-platform root cause analysis. (AI) (AI Image Analysis)",(AI) (AI Image Analysis)
2025-09-09T05:07:17.689Z,AI,AI Content Creation,Quantum-ready,"Generative AI's inability to create causally coherent, long-form narrative universes is solved by a quantum-ready narrative simulation platform that uses tensor network models and quantum-inspired optimization for world-building, targeting the $250B+ media and entertainment industry's top-tier studios and game developers, and differentiated by its proprietary causal graph engine that guarantees logical consistency and emergent storytelling at a scale impossible for classical generative models. (AI) (AI Content Creation)",(AI) (AI Content Creation)
2025-09-09T05:07:18.205Z,ERP,Inventory Management,High-performance,"Global multi-echelon supply chains suffer from catastrophic cascading failures due to data latency in predicting disruptions, so we created a real-time ""digital twin"" platform using edge computing and federated AI to model and autonomously re-route inventory across the entire value chain, targeting the $50B+ high-value electronics and automotive manufacturing sectors, differentiated by its quantum-inspired optimization engine that solves multi-variable logistics problems orders of magnitude faster than traditional ERPs. (ERP) (Inventory Management)",(ERP) (Inventory Management)
2025-09-09T05:08:09.995Z,Remote Work,Cloud Storage,IoT-enabled,"Remote teams suffer from disorganized and insecure digital assets due to the collapse of physical and digital workspaces, so our intelligent cloud storage fabric ingests real-time IoT device telemetry to automatically orchestrate file access, versioning, and security policies for the $70B enterprise data management market, differentiating through a patented ""contextual state"" engine that uses edge computing and zero-trust principles to make data retrieval and protection ambiently aware of the user's physical environment. (Remote Work) (Cloud Storage)",(Remote Work) (Cloud Storage)
2025-09-09T05:08:10.325Z,Remote Work,Digital Whiteboard,Cloud-native,"Static digital whiteboards create information silos and require manual post-session work, so we're building a cloud-native, autonomic canvas that uses real-time NLP and a persistent knowledge graph to automatically structure brainstorms, generate actionable tasks in integrated platforms, and surface historical context for enterprise product and engineering teams, differentiated by its edge-computed, zero-trust architecture that processes and encrypts all collaborative data streams in-memory for unparalleled performance and security. (Remote Work) (Digital Whiteboard)",(Remote Work) (Digital Whiteboard)
2025-09-09T05:08:40.284Z,Analytics,Marketing Analytics,Blockchain-powered,"Marketers face a crisis of trust and attribution in the cookieless era due to rampant ad fraud and opaque data supply chains, so our AI-powered decentralized analytics platform uses zero-knowledge proofs on a private blockchain to offer cryptographically verifiable cross-channel campaign performance data to a $30B market of enterprise B2C brands, differentiating through its immutable, privacy-preserving ledger that automates compliance and eliminates impression fraud. (Analytics) (Marketing Analytics)",(Analytics) (Marketing Analytics)
2025-09-09T05:08:42.078Z,Productivity,Team Collaboration,Real-time,"Dispersed deep-tech teams struggle with unspoken assumptions and knowledge decay during complex problem-solving, so our platform provides a real-time ""Cognitive Canvas"" that uses multimodal AI to visualize the team's evolving mental model by mapping spoken words, code, and design files into a live, shared neural graph, targeting a $15B market of enterprise R&D and engineering departments, and is differentiated by its proprietary temporal graph database and predictive AI that flags potential conceptual misalignments before they derail a project. (Productivity) (Team Collaboration)",(Productivity) (Team Collaboration)
2025-09-09T05:09:14.605Z,Analytics,Business Intelligence,Federated,"Global enterprises face immense security risks and regulatory penalties from centralizing sensitive data for BI, so our federated intelligence platform uses homomorphic encryption and AI-powered query optimization to run complex analytics directly on distributed data silos, targeting the $30B+ regulated industries market (finance, healthcare) with a zero-trust architecture that provides holistic insights without ever moving raw data. (Analytics) (Business Intelligence)",(Analytics) (Business Intelligence)
2025-09-09T05:09:46.498Z,Privacy,Secure Communication,Audit-ready,"Regulated industries lack a quantum-resistant, end-to-end encrypted communication platform that can provide immutable audit trails, so we're building a zero-trust SaaS that uses a hybrid blockchain to log cryptographic proofs of communication metadata for the $75B legal and financial services markets, differentiated by its AI-powered homomorphic encryption engine that allows real-time compliance analysis on fully encrypted data without ever decrypting it. (Privacy) (Secure Communication)",(Privacy) (Secure Communication)
2025-09-09T05:12:11.891Z,Communication,Email Management,Real-time,"Enterprise teams lose critical deals and face security breaches due to the asynchronous chaos of high-stakes email threads, so we created a real-time conversational intelligence layer that uses temporal graph neural networks to analyze communication patterns as they happen, targeting the $50B enterprise sales and legal tech markets by providing a predictive, self-orchestrating communication fabric that preemptively identifies intent drift, sentiment shifts, and social engineering attacks, unlike static email analytics tools. (Communication) (Email Management)",(Communication) (Email Management)
2025-09-09T05:12:12.789Z,Technology,Data Processing,High-performance,"The immense computational cost and latency of processing petabyte-scale, multi-modal geospatial data from satellites and drones cripples real-time environmental monitoring, so our serverless platform provides a federated geometric deep learning engine for the $100B+ climate tech and smart agriculture markets, differentiated by its ability to execute predictive analytics directly at the network edge on low-power devices, drastically reducing data transfer and enabling sub-second anomaly detection. (Technology) (Data Processing)",(Technology) (Data Processing)
2025-09-09T05:12:54.865Z,Analytics,Social Media Analytics,Multi-platform,"Brands struggle with fragmented cross-platform analytics that fail to measure the true causal impact of content cascades across social ecosystems, so we're building a real-time predictive analytics platform that uses generative AI agents to simulate and forecast viral propagation paths for a $50B global enterprise marketing market, differentiated by a proprietary ""Cross-Platform Influence Graph"" that models content mutation and audience sentiment transfer with quantum-inspired optimization algorithms. (Analytics) (Social Media Analytics)",(Analytics) (Social Media Analytics)
2025-09-09T05:12:56.503Z,Retail,Abandoned Cart Recovery,Blockchain-powered,"High-growth D2C brands lose billions to cart abandonment due to untrusted, siloed recovery tactics, so our decentralized protocol uses zero-knowledge proofs and smart contracts to create a cross-retailer, user-owned ""universal cart"" for the $20B+ e-commerce market, differentiated by its tokenized, tradable recovery incentives (NFT-based coupons) that give shoppers a real asset and retailers a privacy-preserving, network-effect-driven conversion engine. (Retail) (Abandoned Cart Recovery)",(Retail) (Abandoned Cart Recovery)
2025-09-09T05:13:47.911Z,Analytics,Social Media Analytics,White-label,"Marketing agencies and MarTech platforms struggle with the prohibitive cost of building proprietary tools to predict emergent cultural trends, so we offer an API-first, white-label predictive analytics platform that uses a real-time event-driven architecture and generative AI to surface and forecast micro-narrative virality across disparate social platforms, targeting the $15B marketing analytics software market by differentiating with a proprietary Temporal Graph Neural Network (TGNN) that models the spread of information to provide clients with a unique, brandable ""Trend Momentum Score"" before competitors can react. (Analytics) (Social Media Analytics)",(Analytics) (Social Media Analytics)
2025-09-09T05:13:48.446Z,Health,Healthcare Diagnostics,Privacy-focused,"The significant risk of re-identifying patients from centralized, multi-modal diagnostic datasets for rare disease research is solved by a decentralized federated learning platform that trains predictive AI models directly on encrypted, edge-located hospital data, targeting a $30B market of pharmaceutical R&D labs and large hospital networks, and differentiated by its use of zero-knowledge proofs for verifiable model integrity and a quantum-resistant blockchain for immutable consent management. (Health) (Healthcare Diagnostics)",(Health) (Healthcare Diagnostics)
2025-09-09T05:14:34.438Z,CRM,Niche CRM,Edge-computing,"Industrial field service organizations suffer from costly operational delays due to disconnected data silos, so we provide an edge-native CRM that runs AI-powered diagnostics and customer history lookups directly on-site via technician devices, targeting the $35B global field service management market by offering a zero-latency, offline-first operational capability that traditional cloud-only CRMs cannot replicate. (CRM) (Niche CRM)",(CRM) (Niche CRM)
2025-09-09T05:14:36.651Z,Property,Real Estate CRM,Neural-network,"Real estate brokerages lose billions annually from agent churn and failed deals due to the inability to predict client sentiment and deal viability, so we developed a neural-network-powered ""Emotional Intelligence Co-pilot"" that analyzes all communication data (emails, texts, call transcripts) to generate real-time deal-risk scores and hyper-personalized follow-up suggestions for the $15B global real estate CRM market, differentiating with a proprietary temporal graph neural network that models the entire client-agent-property relationship lifecycle to predict outcomes with 90% accuracy, far surpassing rule-based CRMs. (Property) (Real Estate CRM)",(Property) (Real Estate CRM)
2025-09-09T05:15:32.528Z,FinTech,Automated Investment,Freemium,"Retail investors face catastrophic losses from undetected cross-asset correlation risks in their fragmented portfolios, so we offer a freemium platform that unifies traditional, crypto, and alternative assets via API to provide a real-time risk score, targeting the $110T global retail investment market with a premium tier that uses a proprietary quantum-inspired machine learning engine for predictive risk modeling and automated micro-hedging, a technical moat unachievable by traditional robo-advisors. (FinTech) (Automated Investment)",(FinTech) (Automated Investment)
2025-09-09T05:15:33.381Z,Remote Work,Remote Team Collaboration,Cost-effective,"Distributed teams face expensive context-switching and knowledge silos across disparate SaaS tools, so we offer a cost-effective, AI-driven ""collaboration fabric"" that uses NLP to auto-synthesize a real-time, interactive knowledge graph from existing chat, docs, and code, targeting global tech SMBs with 50-500 employees, and differentiated by its headless, API-first architecture and predictive ""serendipity engine"" that proactively connects team members based on latent project needs. (Remote Work) (Remote Team Collaboration)",(Remote Work) (Remote Team Collaboration)
2025-09-09T05:16:23.491Z,Learning,Skill Development,Privacy-focused,"Corporate L&D departments in regulated industries fear data breaches from cloud-based AI coaching, so our federated learning platform delivers hyper-personalized skill development by training AI models directly on employee devices at the edge—ensuring zero data leaves the organization—targeting the $370B global corporate training market with a zero-trust architecture that provides a cryptographically-verifiable privacy guarantee unavailable from incumbent cloud-first solutions. (Learning) (Skill Development)",(Learning) (Skill Development)
2025-09-09T05:16:25.423Z,Remote Work,Cloud Storage,White-label,"The proliferation of unstructured data in remote-first companies creates massive security risks and productivity drains, which is solved by a white-label, API-first intelligent storage fabric that enables any SaaS platform (targeting the $50B+ collaboration and productivity software market) to embed a native, context-aware storage layer, differentiated by its proprietary real-time ML engine that automates data classification, enforces dynamic zero-trust access policies, and generates a predictive knowledge graph from user interactions. (Remote Work) (Cloud Storage)",(Remote Work) (Cloud Storage)
2025-09-09T05:16:55.507Z,AI,AI Content Creation,Gamified,"Generic AI content generators create uninspired, brand-incoherent assets by failing to capture nuanced human feedback, so our gamified SaaS platform transforms content refinement into a competitive, mission-based experience for enterprise marketing teams ($50B+ content marketing tech market), creating a powerful moat through a proprietary Reinforcement Learning with Human Feedback (RLHF) engine that continuously fine-tunes a real-time, composable brand-voice graph based on player performance data. (AI) (AI Content Creation)",(AI) (AI Content Creation)
2025-09-09T05:16:55.930Z,Communication,Team Chat,Compliant,"Heavily regulated industries like finance and healthcare face massive litigation risks from non-compliant team chat, so we offer a decentralized, AI-driven communication platform that uses zero-knowledge proofs and a blockchain-based immutable ledger for real-time compliance enforcement and e-discovery, targeting the $50B+ global GRC (Governance, Risk, and Compliance) software market by uniquely providing preemptive, message-level risk scoring and automated redaction without sacrificing conversational fluidity. (Communication) (Team Chat)",(Communication) (Team Chat)
2025-09-09T05:19:04.428Z,Retail,Return Management,Self-healing,"Retailers face margin erosion from chaotic, reactive return processing, so our autonomous ""self-healing"" return management platform uses predictive AI and real-time ledger technology to proactively reroute items, dynamically price open-box inventory, and even trigger pre-return interventions for the $1.5T global e-commerce market, differentiating through its proprietary ""return-to-profit"" engine that guarantees a net-positive financial outcome on over 90% of returns. (Retail) (Return Management)",(Retail) (Return Management)
2025-09-09T05:19:06.686Z,Remote Work,Cloud Storage,AI-powered,"The chaotic ""data sprawl"" in multi-cloud environments for remote-first companies creates massive knowledge silos and security vulnerabilities, which is solved by an AI-powered ""autonomic data fabric"" that uses a large language model and graph neural networks to intelligently index, link, and surface relevant information in real-time, targeting the $100B+ enterprise data management market, and is differentiated by its predictive, zero-knowledge caching at the edge, which anticipates data needs to provide instantaneous access while automating granular, context-aware access control. (Remote Work) (Cloud Storage)",(Remote Work) (Cloud Storage)
2025-09-09T05:19:36.496Z,Productivity,Team Collaboration,Self-healing,"Dysfunctional team workflows caused by communication silos and misaligned priorities are autonomously corrected by a self-healing collaboration platform that uses generative AI to dynamically re-architect project plans, re-assign tasks based on real-time cognitive load analysis, and auto-generate just-in-time documentation for the $50B global enterprise software market, differentiating through a proprietary ""workflow-as-code"" engine and a predictive collaboration graph that anticipates and resolves bottlenecks before they occur. (Productivity) (Team Collaboration)",(Productivity) (Team Collaboration)
2025-09-09T05:20:09.901Z,Services,Eco-Friendly Business,Machine Learning,"Commercial enterprises struggle with the immense operational cost and data fragmentation of managing circular economy reverse logistics, so our AI-powered platform uses computer vision and predictive analytics on real-time IoT data streams to autonomously grade, price, and route returned assets for a $350B global remanufacturing market, differentiating through a proprietary ""digital twin"" ledger for each asset that guarantees provenance and maximizes resale value. (Services) (Eco-Friendly Business)",(Services) (Eco-Friendly Business)
2025-09-09T05:20:10.448Z,Finance,Robo-Advisory,Voice-activated,"Current robo-advisors lack the dynamic, conversational nuance to handle complex, multi-variable financial scenario planning, so we are building a voice-native, AI-powered ""Financial Co-pilot"" that allows mass-affluent investors to conversationally stress-test and rebalance their portfolios in real-time, differentiating through a proprietary Financial Language Model (FLM) that leverages quantum-inspired optimization algorithms for hyper-personalized, probabilistic outcome modeling on a serverless, real-time data-streaming architecture. (Finance) (Robo-Advisory)",(Finance) (Robo-Advisory)
2025-09-09T05:21:26.888Z,AI,AI Image Analysis,Zero-trust,"The critical vulnerability of enterprise AI computer vision pipelines to sophisticated data poisoning and model tampering attacks is solved by a zero-trust MLOps platform that cryptographically seals and validates every image, model version, and inference result in a distributed ledger, targeting the $15.7B medical imaging and $11.3B autonomous vehicle markets, differentiated by its use of confidential computing enclaves and quantum-resistant cryptography to provide a mathematically verifiable and immutable audit trail for every AI-driven decision. (AI) (AI Image Analysis)",(AI) (AI Image Analysis)
2025-09-09T05:21:28.328Z,E-commerce,Omnichannel Retail,Compliant,"Global omnichannel retailers face massive regulatory fines and operational paralysis from fragmented customer data and consent across conflicting privacy laws, so we offer a zero-trust, API-first compliance platform that uses a federated AI graph and blockchain to unify customer profiles and automate real-time, jurisdictional policy enforcement for the $50B+ enterprise retail market, differentiated by its ability to run analytics on encrypted data silos via confidential computing without ever moving or exposing raw PII. (E-commerce) (Omnichannel Retail)",(E-commerce) (Omnichannel Retail)
2025-09-09T05:21:57.489Z,FinTech,Automated Investment,Predictive,"Retail investors using automated platforms suffer from portfolio whiplash due to reactive, lagging indicators, so we offer a predictive investment API that uses a federated learning model to analyze real-time, cross-market alternative data streams (like satellite imagery and IoT logistics), targeting the $10T+ global wealth-tech market by providing millisecond-latency predictive signals for pre-emptive portfolio adjustments, differentiated by our proprietary temporal graph neural network that models complex asset interdependencies to forecast market regime shifts. (FinTech) (Automated Investment)",(FinTech) (Automated Investment)
2025-09-09T05:21:58.472Z,E-commerce,Omnichannel Retail,High-performance,"Omnichannel retailers lose billions to inventory desynchronization and suboptimal fulfillment routing, so we are building a quantum-inspired, edge-native SaaS platform that uses real-time stream processing and predictive AI to create a ""digital twin"" of a brand's entire supply chain, targeting global enterprise retailers with over $500M in revenue by offering a sub-50ms inventory state consistency guarantee, a feat impossible with legacy ERPs, and a proprietary reinforcement learning model that optimizes fulfillment decisions for cost, speed, and carbon footprint simultaneously. (E-commerce) (Omnichannel Retail)",(E-commerce) (Omnichannel Retail)
2025-09-09T05:22:27.701Z,FinTech,Compliance-as-a-Service,IoT-enabled,"Financial institutions face immense risk and compliance costs from fraudulent or non-existent physical collateral backing multi-trillion dollar asset-based loans, a problem solved by our AI-powered CaaS platform that continuously validates asset existence, location, and condition using real-time data streams from third-party IoT sensors and satellite imagery, targeting the $3.5T global asset-based lending market, and is differentiated by its proprietary ""Digital Twin"" ledger on a blockchain which creates an immutable, auditable proof-of-compliance record for regulators. (FinTech) (Compliance-as-a-Service)",(FinTech) (Compliance-as-a-Service)
2025-09-09T05:22:28.313Z,Wellness,Personalized Meditation,IoT-enabled,"The widespread ineffectiveness of generic meditation apps, which ignore real-time physiological stress markers, is solved by an API-first platform that ingests biometric data streams from consumer wearables (e.g., Oura, Whoop) to power a generative AI that dynamically composes hyper-personalized soundscapes and guided sessions for corporate wellness programs and digital health platforms, differentiated by its proprietary edge-computing model that provides sub-second biofeedback latency and ensures user data privacy by processing sensitive information locally. (Wellness) (Personalized Meditation)",(Wellness) (Personalized Meditation)
2025-09-09T05:24:35.502Z,Education,Online Proctoring,Automated,"Academic institutions struggle with the rampant rise of AI-powered cheating and the operational drag from biased, high-false-positive proctoring systems, so our decentralized, multimodal AI platform provides continuous behavioral authentication and cognitive load analysis for the $15B corporate and higher education assessment market, differentiated by its edge-computing architecture for privacy and a generative adversarial network (GAN) that preemptively models and neutralizes novel cheating vectors in real-time. (Education) (Online Proctoring)",(Education) (Online Proctoring)
2025-09-09T05:24:36.338Z,Services,Meal Planning,Machine Learning,"Chronic disease patients and their dietitians struggle with creating dynamically adjusting, nutritionally compliant meal plans, so our headless API platform uses federated learning on real-time biometric data (from wearables and CGMs) to generate and auto-correct meal recommendations, targeting the $30B clinical nutrition market with a proprietary engine that predicts metabolic responses to food combinations, ensuring optimal glycemic control and nutrient absorption without manual logging. (Services) (Meal Planning)",(Services) (Meal Planning)
2025-09-09T05:25:13.968Z,AI,AI Image Analysis,Privacy-focused,"Healthcare and biotech firms face immense regulatory risk and data liability when using cloud-based AI for analyzing sensitive medical imagery, so our federated learning platform orchestrates decentralized model training directly on-premise across a consortium of hospitals and labs, targeting the $15B medical imaging AI market by using homomorphic encryption and a blockchain-based audit trail to enable collaborative research and diagnostics without ever exposing raw patient data. (AI) (AI Image Analysis)",(AI) (AI Image Analysis)
2025-09-09T05:25:16.047Z,Compliance,Regulatory Compliance,High-performance,"Financial institutions face catastrophic fines from reactive, batch-processed anti-money laundering (AML) checks, so our real-time, in-memory graph compute platform uses temporal graph neural networks to predict and intercept complex financial crime syndicates pre-transaction for the $35B global banking compliance market, differentiating through a sub-50-millisecond inference speed and a self-evolving anomaly detection model that eliminates 90% of false positives. (Compliance) (Regulatory Compliance)",(Compliance) (Regulatory Compliance)
2025-09-09T05:27:05.726Z,FinTech,Peer-to-Peer Lending,Federated,"P2P lending platforms suffer from isolated, biased risk models and data privacy constraints, so we offer a federated learning-as-a-service platform that enables collaborative AI credit scoring model training across a network of lenders—targeting the $1T global alternative lending market of neobanks and niche P2P platforms—differentiated by our proprietary zero-trust architecture and differential privacy algorithms that create a network effect where model accuracy increases with each new participant without ever centralizing sensitive user data. (FinTech) (Peer-to-Peer Lending)",(FinTech) (Peer-to-Peer Lending)
2025-09-09T05:27:06.034Z,Communication,File Sharing,AI-powered,"The pervasive risk of data exfiltration and context loss in enterprise file sharing, which costs the $4.6T global knowledge economy billions in security breaches and lost productivity, is solved by an AI-powered ""contextual-aware"" file sharing platform that uses generative AI to create real-time, zero-trust micro-perimeters around each file, dynamically adjusting access based on user behavior and content analysis, differentiating through its proprietary federated learning model that preserves data privacy while continuously improving its threat detection across a multi-trillion dollar market of regulated industries like finance and healthcare. (Communication) (File Sharing)",(Communication) (File Sharing)
2025-09-09T05:27:37.545Z,Fitness,Virtual Fitness Management,AI-powered,"Virtual fitness platforms suffer from high churn and user injury rates due to static, non-adaptive content, so our API-first, edge-AI platform provides real-time, in-session workout personalization by using computer vision to analyze user form and biometric data, targeting the $16B B2B virtual fitness market (gym chains, corporate wellness), and is differentiated by its proprietary federated learning model that continuously improves exercise models without centralizing sensitive user video data. (Fitness) (Virtual Fitness Management)",(Fitness) (Virtual Fitness Management)
2025-09-09T05:27:37.606Z,ERP,Inventory Management,Scalable,"Global manufacturers suffer massive production line stoppages from unpredicted, multi-tier supplier component shortages, a problem solved by our AI-powered digital twin platform that uses federated learning and a distributed ledger to create a real-time, predictive simulation of the entire supply chain, targeting the $500B electronics and automotive assembly market by offering a self-healing system that autonomously re-routes component orders and production schedules to prevent disruptions before they occur. (ERP) (Inventory Management)",(ERP) (Inventory Management)
2025-09-09T05:31:03.373Z,FinTech,Compliance-as-a-Service,Integration-focused,"The fragmented and manual nature of cross-chain compliance exposes DeFi protocols to severe regulatory risks, so we're building a real-time, AI-powered compliance orchestration platform that integrates via a universal API to monitor transactions across disparate blockchains, targeting the $300B+ institutional crypto and DeFi market by using generative AI and zero-knowledge proofs to create ""dynamic compliance graphs"" that predict and neutralize multi-jurisdictional regulatory threats before they materialize. (FinTech) (Compliance-as-a-Service)",(FinTech) (Compliance-as-a-Service)
2025-09-09T05:31:04.331Z,CRM,Lead Management,Compliant,"Global enterprises face massive fines from fragmented, non-compliant lead data handling, so our autonomous compliance platform uses a zero-trust architecture and a private blockchain to create an immutable, auditable consent ledger for the $50B+ lead management market, differentiating through AI-powered, real-time DSAR automation and predictive risk scoring that guarantees GDPR/CCPA adherence across the entire sales funnel. (CRM) (Lead Management)",(CRM) (Lead Management)
2025-09-09T05:31:35.479Z,Sales,Cold Outreach,Scalable,"Sales teams struggle with the immense manual effort of personalizing outreach at scale, so our autonomous AI platform continuously models entire market ecosystems to auto-generate and deploy hyper-contextual, multi-channel outreach sequences triggered by real-time market events, targeting the $12B sales engagement market by using a proprietary temporal graph neural network to predict buying intent and dynamically adapt communication pathways for entire account-based buying committees. (Sales) (Cold Outreach)",(Sales) (Cold Outreach)
2025-09-09T05:31:37.438Z,ERP,ERP for Small Manufacturing,Integration-focused,"Small manufacturers suffer from crippling production inefficiencies due to siloed legacy machinery and disconnected software, so we offer a composable, API-first ERP fabric that uses edge IoT agents and a digital twin ML model to create a real-time, self-optimizing production nervous system for the $1.5T global high-mix, low-volume manufacturing market, differentiated by its predictive maintenance AI and automated supply chain procurement triggered directly from machine-level data. (ERP) (ERP for Small Manufacturing)",(ERP) (ERP for Small Manufacturing)
2025-09-09T05:32:09.248Z,Learning,Educational Content,Subscription-based,"Static educational content fails to adapt to individual learner knowledge gaps, so our subscription-based Autonomic Learning Environment uses a real-time knowledge graph and generative AI to dynamically create and sequence personalized micro-learning pathways for the $300B+ corporate training market, differentiated by its proprietary reinforcement learning model that optimizes content for comprehension and retention based on live performance data, not predefined curricula. (Learning) (Educational Content)",(Learning) (Educational Content)
2025-09-09T05:32:09.746Z,Business Automation,Workflow Automation,Quantum-ready,"Global enterprises face intractable optimization problems in their multi-echelon supply chain workflows, which a hybrid classical-quantum workflow automation platform solves by using AI to model complex systems and offload combinatorial bottlenecks to quantum-inspired solvers, targeting the $15B logistics and manufacturing automation market with a unique differentiation in providing a future-proof, quantum-ready architecture for solving problems currently impossible for classical systems. (Business Automation) (Workflow Automation)",(Business Automation) (Workflow Automation)
2025-09-09T05:33:33.060Z,Analytics,Social Media Analytics,Scalable,"Brands struggle with reactive social media analytics that fail to predict nascent cultural trends, so our autonomous, real-time platform uses a proprietary temporal graph neural network to analyze cross-platform memetic propagation, targeting the $20B global enterprise marketing intelligence sector by uniquely forecasting trend velocity and authenticity to pre-emptively identify viral opportunities before they emerge. (Analytics) (Social Media Analytics)",(Analytics) (Social Media Analytics)
2025-09-09T05:33:33.128Z,Wellness,AI Nutrition Coaching,Global,"Existing AI nutrition platforms offer culturally-agnostic advice that fails globally, so our headless, API-first platform uses a federated learning model to process localized food ontologies and real-time biometric data from wearables for a $50B market of multinational health insurers and corporate wellness programs, differentiated by our privacy-preserving edge AI that provides hyper-personalized, culturally-resonant nutritional coaching without centralizing sensitive user data. (Wellness) (AI Nutrition Coaching)",(Wellness) (AI Nutrition Coaching)
2025-09-09T05:34:04.021Z,Sales,Cold Outreach,Freemium,"Sales teams struggle with abysmal response rates from outreach that misses critical buying-intent windows, so our platform offers a freemium AI co-pilot that continuously monitors real-time public data streams (code commits, API docs, job posts, social chatter) to autonomously draft and schedule hyper-personalized messages precisely when a prospect's ""intent score"" peaks, targeting the $15B sales intelligence market of mid-market to enterprise tech companies, and is differentiated by its proprietary temporal graph neural network that models evolving relationships between signals over time to predict future buying intent with 40% higher accuracy than static-list builders. (Sales) (Cold Outreach)",(Sales) (Cold Outreach)
2025-09-09T05:34:04.720Z,Property,Property Investment Tools,Audit-ready,"Institutional property investors struggle with opaque, fragmented, and unauditable portfolio data that creates massive due diligence friction and compliance risk, so our AI-powered platform creates an immutable, audit-ready ""digital twin"" for each asset by continuously ingesting and verifying IoT, legal, and financial data onto a distributed ledger, targeting the $10T institutional real estate market by uniquely using federated learning and zero-knowledge proofs to provide predictive risk analytics and automated ESG compliance reporting without compromising underlying data privacy. (Property) (Property Investment Tools)",(Property) (Property Investment Tools)
2025-09-09T05:34:35.193Z,Compliance,Risk Management,Automated,"Global supply chains face catastrophic disruption from unvetted Tier-N suppliers, so our autonomous risk intelligence platform uses a privacy-preserving federated learning model on supplier edge devices to continuously simulate and score cascading failure points for the $15T manufacturing and logistics market, differentiating through a quantum-resistant blockchain ledger that provides an immutable, real-time audit trail of supply chain integrity without exposing sensitive partner data. (Compliance) (Risk Management)",(Compliance) (Risk Management)
2025-09-09T05:34:36.920Z,Education,E-book Delivery,Accessible,"The profound inaccessibility of static digital textbooks for students with neurodiverse learning needs is solved by an AI-powered, headless rendering platform that dynamically transmutes any e-book into a personalized, multi-modal experience, targeting the $90B global educational publishing and ed-tech market by using a proprietary real-time cognitive adaptation engine that auto-adjusts typography, layout, and content complexity based on biometric feedback and user interaction patterns. (Education) (E-book Delivery)",(Education) (E-book Delivery)
2025-09-09T05:35:06.627Z,FinTech,Automated Investment,Cost-effective,"Retail traders and small funds face prohibitive infrastructure costs and complexity when deploying custom quantitative investment strategies, so our serverless, API-first platform democratizes access by offering a pay-per-execution model for backtesting and deploying AI-driven algorithms in a zero-trust environment, targeting the $50B global market of sophisticated individual investors and emerging hedge funds, and differentiates through its federated learning framework that trains predictive models on decentralized data without compromising user privacy or strategy IP. (FinTech) (Automated Investment)",(FinTech) (Automated Investment)
2025-09-09T05:35:06.971Z,Productivity,Workflow Automation,Global,"Global enterprises face crippling compliance risks from static workflows that ignore fragmented, real-time changes in international data sovereignty and trade regulations, a problem solved by a self-healing workflow automation platform that uses a federated learning model and a distributed ledger to autonomously rewrite and deploy compliant process logic in real-time across a $100B+ market of multinational finance, logistics, and pharma companies, differentiated by its ""sovereign-cloud-native"" architecture that executes logic at the jurisdictional edge, ensuring zero-trust data residency without manual intervention. (Productivity) (Workflow Automation)",(Productivity) (Workflow Automation)
2025-09-09T05:35:37.504Z,Real Estate,IoT Property Management,Neural-network,"Commercial REITs and large-scale property managers suffer from massive operational inefficiencies and unpredictable capital expenditures due to a flood of uncorrelated, high-false-positive alerts from disparate building IoT systems, which our API-first, vendor-agnostic platform solves by using a temporal graph neural network to create a real-time ""digital twin"" of a property's entire electromechanical system, targeting the $15B global smart building management market by offering a unique predictive ""failure cascade"" analysis that forecasts multi-system breakdowns weeks in advance, a capability impossible with current rule-based automation tools. (Real Estate) (IoT Property Management)",(Real Estate) (IoT Property Management)
2025-09-09T05:35:39.073Z,Retail,Digital Punch Card Tool,Machine Learning,"Generic digital punch cards fail to prevent customer churn by rewarding past behavior, so our headless, API-first platform uses a predictive ML engine to analyze real-time transaction streams and automatically generate dynamic, personalized ""re-engagement quests"" for at-risk customers, targeting the $50B global market of SMB multi-location retailers and QSRs, and is differentiated by its proprietary churn-prediction models and event-driven architecture that triggers hyper-personalized incentives before a customer leaves. (Retail) (Digital Punch Card Tool)",(Retail) (Digital Punch Card Tool)
2025-09-09T05:36:10.837Z,Analytics,Business Intelligence,Pay-per-use,"SMBs are crippled by the exorbitant cost and complexity of traditional BI tools that fail to provide real-time, predictive insights from their siloed operational data, so we offer a serverless, pay-per-query BI platform that uses generative AI to translate natural language questions into ephemeral, real-time data models, targeting the $30B mid-market sector, and is differentiated by its proprietary ""Quantum-Inspired Optimization"" algorithms for sub-second complex query resolution across disparate data sources without any data warehousing. (Analytics) (Business Intelligence)",(Analytics) (Business Intelligence)
2025-09-09T05:36:11.645Z,Fitness,Virtual Fitness Management,Subscription-based,"Independent virtual fitness creators and boutique studios suffer from high churn due to an inability to personalize workouts at scale, a problem solved by a subscription-based headless platform that provides an AI-powered orchestration layer for the $96 billion virtual fitness market, differentiating by using real-time edge computing and federated learning on user biometric and computer vision data to dynamically adapt live-streamed class content for each individual participant without compromising privacy. (Fitness) (Virtual Fitness Management)",(Fitness) (Virtual Fitness Management)
2025-09-09T05:36:54.561Z,Remote Work,Remote Team Collaboration,IoT-enabled,"Distributed teams suffer from ""digital fatigue"" and asynchronous misalignment, creating a collaboration drain, so our AI-powered platform ingests anonymized, real-time data streams from workers' existing IoT devices (wearables, smart lighting) to generate a ""Team Cognitive State API,"" enabling intelligent workflow automation for the $50B global enterprise productivity market, and is differentiated by its privacy-first, edge computing architecture that processes sensitive biometric data locally to predict burnout and optimize meeting timing without ever sending raw data to the cloud. (Remote Work) (Remote Team Collaboration)",(Remote Work) (Remote Team Collaboration)
2025-09-09T05:36:54.968Z,Education,Online Proctoring,Global,"The pervasive issue of biased, privacy-invasive, and high-bandwidth online proctoring solutions that create inequitable testing environments for global learners is solved by a decentralized, edge-native proctoring platform that uses federated learning and behavioral biometric analysis on-device for the $15B global higher education and professional certification market, offering differentiation through a zero-trust architecture that never streams video to the cloud, ensuring ultimate privacy, accessibility, and cheat detection that is 99.9% free of demographic bias. (Education) (Online Proctoring)",(Education) (Online Proctoring)
2025-09-09T05:37:31.408Z,E-commerce,E-commerce Personalization,Scalable,"E-commerce brands suffer from static, lagging personalization that traps users in filter bubbles, so we offer a real-time, composable personalization engine that uses quantum-inspired tensor networks to predict and adapt to a user's shifting in-session intent, targeting the $15B global enterprise e-commerce market and differentiating through a sub-50ms inference API that boosts product discovery and AOV by dynamically balancing exploitation with exploration. (E-commerce) (E-commerce Personalization)",(E-commerce) (E-commerce Personalization)
2025-09-09T05:37:59.995Z,Technology,API Management,Pay-per-use,"Enterprises struggle with the prohibitive cost and latency of centralized API gateways for securing ephemeral, event-driven microservices, so we offer a serverless, pay-per-transaction API management platform that uses a distributed service mesh and AI-driven threat detection to dynamically secure and optimize traffic for the multi-trillion dollar IoT and edge computing market, differentiating with a zero-trust architecture that cryptographically attests API calls on-chain for immutable audit trails and autonomous, self-healing security policies. (Technology) (API Management)",(Technology) (API Management)
2025-09-09T05:38:01.246Z,Property,Virtual Property Tours,Global,"Static, culturally-sterile virtual tours lead to low engagement for international buyers, so we're building a real-time generative AI platform that creates dynamic, culturally-contextualized neighborhood simulations for the $220B global cross-border real estate market, differentiated by a proprietary ""Digital Twin"" engine using federated learning and edge computing to deliver hyper-personalized experiences via a headless API. (Property) (Virtual Property Tours)",(Property) (Virtual Property Tours)
2025-09-09T05:38:27.617Z,Health,Chronic Condition Management,Zero-trust,"The fragmented and insecure sharing of real-time patient data from disparate IoT devices and EHRs prevents proactive intervention for chronic conditions, so we are building a zero-trust, API-first orchestration platform that uses federated machine learning on encrypted edge data streams to provide predictive clinical insights for the $50B remote patient monitoring market, differentiating with a verifiable data-access ledger and automated compliance engine that ensures no single entity, including us, can access raw PHI. (Health) (Chronic Condition Management)",(Health) (Chronic Condition Management)
2025-09-09T05:38:27.835Z,Analytics,Social Media Analytics,Gamified,"Social media teams suffer from burnout and data paralysis due to passive, uninspiring dashboards, so we created a gamified analytics platform that uses a generative AI ""Game Master"" to turn KPIs into collaborative quests and real-time leaderboards for mid-market B2B and D2C brands, differentiating with a predictive engine that suggests high-impact ""power-up"" actions and a headless architecture for seamless integration into existing workflows. (Analytics) (Social Media Analytics)",(Analytics) (Social Media Analytics)
2025-09-09T05:39:24.746Z,AI,AI Voice Analytics,Voice-activated,"High-stakes enterprise negotiations suffer from a critical real-time ""intent-analysis gap,"" which our voice-activated platform solves by allowing leaders to conversationally deploy autonomous AI agents that monitor live audio streams for subtle sentiment shifts and semantic compliance deviations, targeting the $15B corporate legal and M&A advisory market, and differentiating through federated learning on edge devices for absolute privacy and sub-second latency in generating strategic conversational prompts for negotiators. (AI) (AI Voice Analytics)",(AI) (AI Voice Analytics)
2025-09-09T05:39:25.767Z,Accounting,Budgeting Tools,Gamified,"Small and medium-sized businesses suffer from low employee engagement and poor adherence to departmental budgets because traditional tools are static and uninspiring, so we developed an AI-powered SaaS platform that transforms fiscal planning into a real-time collaborative strategy game where teams compete in ""sprints"" to optimize spending, targeting the $50B global corporate performance management market for mid-market companies, and differentiated by a proprietary ""Financial Outcome Engine"" that uses reinforcement learning to simulate and predict the ROI of budget decisions, rewarding efficient teams with tokenized incentives on a permissioned blockchain. (Accounting) (Budgeting Tools)",(Accounting) (Budgeting Tools)
2025-09-09T05:40:10.937Z,Retail,Pricing Optimization,API-first,"Retailers lose billions to suboptimal pricing due to their inability to process hyperlocal, real-time demand signals, so we offer a headless, quantum-inspired optimization API that ingests live event, weather, and IoT shelf-data to deliver sub-second, SKU-level price elasticity models for the $25T global retail market, differentiated by its use of federated learning on edge devices to preserve data privacy and continuously self-tune algorithms without central data pooling. (Retail) (Pricing Optimization)",(Retail) (Pricing Optimization)
2025-09-09T05:40:12.354Z,Compliance,Data Privacy,AI-powered,"Enterprises face catastrophic data leakage risks from employee use of third-party generative AI, so we're building a zero-trust AI gateway that uses real-time, on-the-fly federated learning and homomorphic encryption to de-identify sensitive data in prompts before they reach external LLMs, targeting the $50B global cloud security market (financial services, healthcare, tech), and differentiating through our proprietary, quantum-resistant encryption protocol that ensures complete data obscurity even from the gateway provider, creating an unbreachable moat against future compliance threats. (Compliance) (Data Privacy)",(Compliance) (Data Privacy)
2025-09-10T03:45:02.927Z,Sales,Sales Pipeline,Freemium,"Sales teams struggle with pipeline decay and inaccurate forecasting due to a lack of real-time deal health signals, so we offer a freemium platform that provides AI-driven ""Deal Velocity"" scores by continuously analyzing communication metadata for the $50B global B2B SaaS market, differentiating with a zero-trust, privacy-preserving federated learning model that analyzes data on-premise without ever moving sensitive customer content to the cloud. (Sales) (Sales Pipeline)",(Sales) (Sales Pipeline)
2025-09-10T03:45:07.631Z,Learning,Skill Development,AI-powered,"The chronic enterprise problem of ""skill evaporation""—where learned knowledge is lost before it can be applied—is solved by an AI-powered Cognitive Augmentation Platform that creates a real-time, dynamic ""skill graph"" of the entire workforce by ingesting code, documents, and communications to proactively assemble ""flash teams"" and inject just-in-time micro-learning scaffolds directly into their workflow, targeting the $300B+ corporate learning market (specifically large tech and consulting firms), and differentiated by its proprietary ""proof-of-skill"" engine that uses generative AI to simulate project scenarios and validate skill application, rather than just tracking course completions. (Learning) (Skill Development)",(Learning) (Skill Development)
2025-09-10T03:48:00.974Z,Accounting,Financial Planning,Enterprise-ready,"Enterprises' static financial planning models fail to adapt to real-time global volatility, so we built a quantum-inspired, generative AI platform that continuously simulates and stress-tests millions of cascading financial scenarios, targeting the $10B+ global FP&A software market for Fortune 500 companies by using a proprietary temporal graph neural network and zero-trust microservices architecture to provide autonomous, adaptive forecasting with immutable blockchain-based audit trails. (Accounting) (Financial Planning)",(Accounting) (Financial Planning)
2025-09-10T03:48:03.014Z,Wellness,Virtual Fitness Classes,White-label,"Independent fitness creators struggle to offer engaging, personalized virtual classes at scale, so we provide a white-label, API-first platform that leverages on-device computer vision and edge AI to deliver real-time form correction and dynamic workout adjustments for the rapidly growing $60B+ creator-led wellness market, differentiated by a composable architecture that ensures ultra-low latency and user data privacy by processing all biometrics locally. (Wellness) (Virtual Fitness Classes)",(Wellness) (Virtual Fitness Classes)
